Transaction ID,Date,Customer ID,Gender,Age,Product Category,Quantity,Price per Unit,Total Amount
1.0,2023-11-24,CUST001,Male,34.0,Beauty,3.0,50.0,150.0
2.0,2023-02-27,CUST002,Female,26.0,Clothing,2.0,500.0,1000.0
3.0,2023-01-13,CUST003,Male,50.0,Electronics,1.0,30.0,30.0
4.0,2023-05-21,CUST004,Male,37.0,Clothing,1.0,500.0,500.0
5.0,2023-05-06,CUST005,Male,30.0,Beauty,2.0,50.0,100.0
6.0,2023-04-25,CUST006,Female,45.0,Beauty,1.0,30.0,30.0
7.0,2023-03-13,CUST007,Male,46.0,Clothing,2.0,25.0,50.0
8.0,2023-02-22,CUST008,Male,30.0,Electronics,4.0,25.0,100.0
9.0,2023-12-13,CUST009,Male,63.0,Electronics,2.0,300.0,600.0
10.0,2023-10-07,CUST010,Female,52.0,Clothing,4.0,50.0,200.0
11.0,2023-02-14,CUST011,Male,23.0,Clothing,2.0,50.0,100.0
12.0,2023-10-30,CUST012,Male,35.0,Beauty,3.0,25.0,75.0
13.0,2023-08-05,CUST013,Male,22.0,Electronics,3.0,500.0,1500.0
14.0,2023-01-17,CUST014,Male,64.0,Clothing,4.0,30.0,120.0
15.0,2023-01-16,CUST015,Female,42.0,Electronics,4.0,500.0,2000.0
16.0,2023-02-17,CUST016,Male,19.0,Clothing,3.0,500.0,1500.0
17.0,2023-04-22,CUST017,Female,27.0,Clothing,4.0,25.0,100.0
18.0,2023-04-30,CUST018,Female,47.0,Electronics,2.0,25.0,50.0
19.0,2023-09-16,CUST019,Female,62.0,Clothing,2.0,25.0,50.0
20.0,2023-11-05,CUST020,Male,22.0,Clothing,3.0,300.0,900.0
21.0,2023-01-14,CUST021,Female,50.0,Beauty,1.0,500.0,500.0
22.0,2023-10-15,CUST022,Male,18.0,Clothing,2.0,50.0,100.0
23.0,2023-04-12,CUST023,Female,35.0,Clothing,4.0,30.0,120.0
24.0,2023-11-29,CUST024,Female,49.0,Clothing,1.0,300.0,300.0
25.0,2023-12-26,CUST025,Female,64.0,Beauty,1.0,50.0,50.0
26.0,2023-10-07,CUST026,Female,28.0,Electronics,2.0,500.0,1000.0
27.0,2023-08-03,CUST027,Female,38.0,Beauty,2.0,25.0,50.0
28.0,2023-04-23,CUST028,Female,43.0,Beauty,1.0,500.0,500.0
29.0,2023-08-18,CUST029,Female,42.0,Electronics,1.0,30.0,30.0
30.0,2023-10-29,CUST030,Female,39.0,Beauty,3.0,300.0,900.0
31.0,2023-05-23,CUST031,Male,44.0,Electronics,4.0,300.0,1200.0
32.0,2023-01-04,CUST032,Male,30.0,Beauty,3.0,30.0,90.0
33.0,2023-03-23,CUST033,Female,50.0,Electronics,2.0,50.0,100.0
34.0,2023-12-24,CUST034,Female,51.0,Clothing,3.0,50.0,150.0
35.0,2023-08-05,CUST035,Female,58.0,Beauty,3.0,300.0,900.0
36.0,2023-06-24,CUST036,Male,52.0,Beauty,3.0,300.0,900.0
37.0,2023-05-23,CUST037,Female,18.0,Beauty,3.0,25.0,75.0
38.0,2023-03-21,CUST038,Male,38.0,Beauty,4.0,50.0,200.0
39.0,2023-04-21,CUST039,Male,23.0,Clothing,4.0,30.0,120.0
40.0,2023-06-22,CUST040,Male,45.0,Beauty,1.0,50.0,50.0
41.0,2023-02-22,CUST041,Male,34.0,Clothing,2.0,25.0,50.0
42.0,2023-02-17,CUST042,Male,22.0,Clothing,3.0,300.0,900.0
43.0,2023-07-14,CUST043,Female,48.0,Clothing,1.0,300.0,300.0
44.0,2023-02-19,CUST044,Female,22.0,Clothing,1.0,25.0,25.0
45.0,2023-07-03,CUST045,Female,55.0,Electronics,1.0,30.0,30.0
46.0,2023-06-26,CUST046,Female,20.0,Electronics,4.0,300.0,1200.0
47.0,2023-11-06,CUST047,Female,40.0,Beauty,3.0,500.0,1500.0
48.0,2023-05-16,CUST048,Male,54.0,Electronics,3.0,300.0,900.0
49.0,2023-01-23,CUST049,Female,54.0,Electronics,2.0,500.0,1000.0
50.0,2023-08-24,CUST050,Female,27.0,Beauty,3.0,25.0,75.0
51.0,2023-10-02,CUST051,Male,27.0,Beauty,3.0,25.0,75.0
52.0,2023-03-05,CUST052,Female,36.0,Beauty,1.0,300.0,300.0
53.0,2023-07-13,CUST053,Male,34.0,Electronics,2.0,50.0,100.0
54.0,2023-02-10,CUST054,Female,38.0,Electronics,3.0,500.0,1500.0
55.0,2023-10-10,CUST055,Male,31.0,Beauty,4.0,30.0,120.0
56.0,2023-05-31,CUST056,Female,26.0,Clothing,3.0,300.0,900.0
57.0,2023-11-18,CUST057,Female,63.0,Beauty,1.0,30.0,30.0
58.0,2023-11-13,CUST058,Male,18.0,Clothing,4.0,300.0,1200.0
59.0,2023-07-05,CUST059,Male,62.0,Clothing,1.0,50.0,50.0
60.0,2023-10-23,CUST060,Male,30.0,Beauty,3.0,50.0,150.0
61.0,2023-04-09,CUST061,Male,21.0,Beauty,4.0,50.0,200.0
62.0,2023-12-27,CUST062,Male,18.0,Beauty,2.0,50.0,100.0
63.0,2023-02-05,CUST063,Male,57.0,Electronics,2.0,25.0,50.0
64.0,2023-01-24,CUST064,Male,49.0,Clothing,4.0,25.0,100.0
65.0,2023-12-05,CUST065,Male,51.0,Electronics,4.0,500.0,2000.0
66.0,2023-04-27,CUST066,Female,45.0,Electronics,1.0,30.0,30.0
67.0,2023-05-29,CUST067,Female,48.0,Beauty,4.0,300.0,1200.0
68.0,2023-02-10,CUST068,Male,25.0,Electronics,1.0,300.0,300.0
69.0,2023-04-30,CUST069,Female,56.0,Beauty,3.0,25.0,75.0
70.0,2023-02-21,CUST070,Female,43.0,Clothing,1.0,300.0,300.0
71.0,2023-07-14,CUST071,Female,51.0,Beauty,4.0,25.0,100.0
72.0,2023-05-23,CUST072,Female,20.0,Electronics,4.0,500.0,2000.0
73.0,2023-08-21,CUST073,Male,29.0,Electronics,3.0,30.0,90.0
74.0,2023-11-22,CUST074,Female,18.0,Beauty,4.0,500.0,2000.0
75.0,2023-07-06,CUST075,Male,61.0,Beauty,4.0,50.0,200.0
76.0,2023-03-25,CUST076,Female,22.0,Electronics,2.0,50.0,100.0
77.0,2023-07-09,CUST077,Female,47.0,Clothing,2.0,50.0,100.0
78.0,2023-07-01,CUST078,Female,47.0,Clothing,3.0,500.0,1500.0
79.0,2023-04-18,CUST079,Male,34.0,Beauty,1.0,300.0,300.0
80.0,2023-12-10,CUST080,Female,64.0,Clothing,2.0,30.0,60.0
81.0,2023-05-17,CUST081,Male,40.0,Electronics,1.0,50.0,50.0
82.0,2023-12-26,CUST082,Female,32.0,Beauty,4.0,50.0,200.0
83.0,2023-12-16,CUST083,Male,54.0,Electronics,2.0,50.0,100.0
84.0,2023-11-28,CUST084,Female,38.0,Electronics,3.0,30.0,90.0
85.0,2023-02-06,CUST085,Male,31.0,Clothing,3.0,50.0,150.0
86.0,2023-11-08,CUST086,Male,19.0,Beauty,3.0,30.0,90.0
87.0,2023-11-22,CUST087,Female,28.0,Beauty,2.0,50.0,100.0
88.0,2023-03-29,CUST088,Male,56.0,Clothing,1.0,500.0,500.0
89.0,2023-10-01,CUST089,Female,55.0,Electronics,4.0,500.0,2000.0
90.0,2023-05-06,CUST090,Female,51.0,Electronics,1.0,30.0,30.0
91.0,2023-03-25,CUST091,Female,55.0,Electronics,1.0,500.0,500.0
92.0,2023-08-25,CUST092,Female,51.0,Electronics,4.0,30.0,120.0
93.0,2023-07-14,CUST093,Female,35.0,Beauty,4.0,500.0,2000.0
94.0,2023-05-19,CUST094,Female,47.0,Beauty,2.0,500.0,1000.0
95.0,2023-11-24,CUST095,Female,32.0,Clothing,2.0,30.0,60.0
96.0,2023-12-19,CUST096,Female,44.0,Clothing,2.0,300.0,600.0
97.0,2023-10-13,CUST097,Female,51.0,Beauty,2.0,500.0,1000.0
98.0,2023-04-23,CUST098,Female,55.0,Beauty,2.0,50.0,100.0
99.0,2023-12-17,CUST099,Female,50.0,Electronics,4.0,300.0,1200.0
100.0,2023-06-16,CUST100,Male,41.0,Electronics,1.0,30.0,30.0
101.0,2023-01-29,CUST101,Male,32.0,Clothing,2.0,300.0,600.0
102.0,2023-04-28,CUST102,Female,47.0,Beauty,2.0,25.0,50.0
103.0,2023-01-17,CUST103,Female,59.0,Clothing,1.0,25.0,25.0
104.0,2023-06-11,CUST104,Female,34.0,Beauty,2.0,500.0,1000.0
105.0,2023-07-25,CUST105,Female,22.0,Electronics,1.0,500.0,500.0
106.0,2023-05-18,CUST106,Female,46.0,Clothing,1.0,50.0,50.0
107.0,2023-02-03,CUST107,Female,21.0,Clothing,4.0,300.0,1200.0
108.0,2023-04-19,CUST108,Female,27.0,Beauty,3.0,25.0,75.0
109.0,2023-10-18,CUST109,Female,34.0,Electronics,4.0,500.0,2000.0
110.0,2023-06-11,CUST110,Male,27.0,Clothing,3.0,300.0,900.0
111.0,2023-04-19,CUST111,Female,34.0,Electronics,3.0,500.0,1500.0
112.0,2023-12-02,CUST112,Male,37.0,Clothing,3.0,500.0,1500.0
113.0,2023-09-13,CUST113,Female,41.0,Electronics,2.0,25.0,50.0
114.0,2023-07-22,CUST114,Female,22.0,Beauty,4.0,25.0,100.0
115.0,2023-11-26,CUST115,Male,51.0,Clothing,3.0,500.0,1500.0
116.0,2023-08-23,CUST116,Female,23.0,Clothing,1.0,30.0,30.0
117.0,2023-03-15,CUST117,Male,19.0,Electronics,2.0,500.0,1000.0
118.0,2023-05-16,CUST118,Female,30.0,Electronics,4.0,500.0,2000.0
119.0,2023-03-13,CUST119,Female,60.0,Clothing,3.0,50.0,150.0
120.0,2023-05-07,CUST120,Male,60.0,Beauty,1.0,50.0,50.0
121.0,2023-10-15,CUST121,Female,28.0,Electronics,4.0,50.0,200.0
122.0,2023-10-03,CUST122,Male,64.0,Electronics,4.0,30.0,120.0
123.0,2023-05-15,CUST123,Female,40.0,Electronics,2.0,30.0,60.0
124.0,2023-10-27,CUST124,Male,33.0,Clothing,4.0,500.0,2000.0
125.0,2023-08-08,CUST125,Male,48.0,Clothing,2.0,50.0,100.0
126.0,2023-10-26,CUST126,Female,28.0,Clothing,3.0,30.0,90.0
127.0,2023-07-24,CUST127,Female,33.0,Clothing,2.0,25.0,50.0
128.0,2023-07-05,CUST128,Male,25.0,Beauty,1.0,500.0,500.0
129.0,2023-04-23,CUST129,Female,21.0,Beauty,2.0,300.0,600.0
130.0,2023-03-12,CUST130,Female,57.0,Clothing,1.0,500.0,500.0
131.0,2023-09-18,CUST131,Female,21.0,Beauty,2.0,300.0,600.0
132.0,2023-09-10,CUST132,Male,42.0,Electronics,4.0,50.0,200.0
133.0,2023-02-16,CUST133,Male,20.0,Electronics,3.0,300.0,900.0
134.0,2023-01-25,CUST134,Male,49.0,Electronics,1.0,50.0,50.0
135.0,2023-02-26,CUST135,Male,20.0,Clothing,2.0,25.0,50.0
136.0,2023-03-20,CUST136,Male,44.0,Electronics,2.0,300.0,600.0
137.0,2023-11-18,CUST137,Male,46.0,Beauty,2.0,500.0,1000.0
138.0,2023-03-23,CUST138,Male,49.0,Clothing,4.0,50.0,200.0
139.0,2023-12-15,CUST139,Male,36.0,Beauty,4.0,500.0,2000.0
140.0,2023-08-05,CUST140,Male,38.0,Electronics,1.0,30.0,30.0
141.0,2023-11-02,CUST141,Female,22.0,Electronics,1.0,50.0,50.0
142.0,2023-02-02,CUST142,Male,35.0,Electronics,4.0,300.0,1200.0
143.0,2023-07-17,CUST143,Female,45.0,Clothing,1.0,50.0,50.0
144.0,2023-07-15,CUST144,Female,59.0,Beauty,3.0,500.0,1500.0
145.0,2023-11-02,CUST145,Female,39.0,Clothing,3.0,25.0,75.0
146.0,2023-08-28,CUST146,Male,38.0,Clothing,4.0,50.0,200.0
147.0,2023-09-28,CUST147,Male,23.0,Electronics,1.0,300.0,300.0
148.0,2023-05-09,CUST148,Male,18.0,Clothing,2.0,30.0,60.0
149.0,2023-10-11,CUST149,Male,22.0,Clothing,3.0,25.0,75.0
150.0,2023-01-06,CUST150,Female,58.0,Electronics,4.0,30.0,120.0
151.0,2023-12-15,CUST151,Male,29.0,Clothing,1.0,50.0,50.0
152.0,2023-02-28,CUST152,Male,43.0,Electronics,4.0,500.0,2000.0
153.0,2023-12-16,CUST153,Male,63.0,Electronics,2.0,500.0,1000.0
154.0,2023-10-02,CUST154,Male,51.0,Electronics,3.0,300.0,900.0
155.0,2023-05-17,CUST155,Male,31.0,Electronics,4.0,500.0,2000.0
156.0,2023-11-25,CUST156,Female,43.0,Clothing,4.0,25.0,100.0
157.0,2023-06-24,CUST157,Male,62.0,Electronics,4.0,500.0,2000.0
158.0,2023-02-27,CUST158,Female,44.0,Electronics,2.0,300.0,600.0
159.0,2023-05-31,CUST159,Male,26.0,Clothing,4.0,50.0,200.0
160.0,2023-08-11,CUST160,Female,43.0,Clothing,2.0,50.0,100.0
161.0,2023-03-22,CUST161,Male,64.0,Beauty,2.0,500.0,1000.0
162.0,2023-08-21,CUST162,Male,39.0,Clothing,2.0,30.0,60.0
163.0,2023-01-02,CUST163,Female,64.0,Clothing,3.0,50.0,150.0
164.0,2023-05-15,CUST164,Female,47.0,Beauty,3.0,500.0,1500.0
165.0,2023-09-14,CUST165,Female,60.0,Clothing,4.0,300.0,1200.0
166.0,2023-04-02,CUST166,Male,34.0,Clothing,4.0,500.0,2000.0
167.0,2023-09-17,CUST167,Female,43.0,Clothing,3.0,50.0,150.0
168.0,2023-02-24,CUST168,Male,53.0,Clothing,1.0,300.0,300.0
169.0,2023-11-17,CUST169,Male,18.0,Beauty,3.0,500.0,1500.0
170.0,2023-06-02,CUST170,Female,25.0,Clothing,2.0,25.0,50.0
171.0,2023-11-24,CUST171,Female,52.0,Clothing,3.0,300.0,900.0
172.0,2023-09-17,CUST172,Male,32.0,Beauty,2.0,25.0,50.0
173.0,2023-11-08,CUST173,Male,64.0,Electronics,4.0,30.0,120.0
174.0,2023-04-12,CUST174,Female,39.0,Beauty,1.0,300.0,300.0
175.0,2023-03-20,CUST175,Female,31.0,Electronics,4.0,25.0,100.0
176.0,2023-07-11,CUST176,Female,43.0,Beauty,2.0,50.0,100.0
177.0,2023-03-24,CUST177,Male,45.0,Beauty,2.0,50.0,100.0
178.0,2023-10-04,CUST178,Male,40.0,Clothing,2.0,30.0,60.0
179.0,2023-09-29,CUST179,Male,31.0,Electronics,1.0,300.0,300.0
180.0,2023-01-01,CUST180,Male,41.0,Clothing,3.0,300.0,900.0
181.0,2023-11-03,CUST181,Male,19.0,Electronics,4.0,300.0,1200.0
182.0,2023-06-15,CUST182,Male,62.0,Beauty,4.0,30.0,120.0
183.0,2023-09-08,CUST183,Female,43.0,Beauty,3.0,300.0,900.0
184.0,2023-01-10,CUST184,Male,31.0,Electronics,4.0,50.0,200.0
185.0,2023-02-27,CUST185,Male,24.0,Clothing,1.0,25.0,25.0
186.0,2023-07-05,CUST186,Male,20.0,Clothing,4.0,50.0,200.0
187.0,2023-06-07,CUST187,Female,64.0,Clothing,2.0,50.0,100.0
188.0,2023-05-03,CUST188,Male,40.0,Clothing,3.0,25.0,75.0
189.0,2023-01-30,CUST189,Male,63.0,Beauty,1.0,50.0,50.0
190.0,2023-05-04,CUST190,Female,60.0,Beauty,3.0,30.0,90.0
191.0,2023-10-18,CUST191,Male,64.0,Beauty,1.0,25.0,25.0
192.0,2023-02-10,CUST192,Male,62.0,Beauty,2.0,50.0,100.0
193.0,2023-02-13,CUST193,Male,35.0,Beauty,3.0,500.0,1500.0
194.0,2023-09-06,CUST194,Male,55.0,Clothing,4.0,50.0,200.0
195.0,2023-02-05,CUST195,Male,52.0,Clothing,1.0,30.0,30.0
196.0,2023-09-30,CUST196,Female,32.0,Clothing,3.0,300.0,900.0
197.0,2023-03-06,CUST197,Female,42.0,Clothing,4.0,50.0,200.0
198.0,2023-03-07,CUST198,Female,54.0,Beauty,3.0,300.0,900.0
199.0,2023-12-04,CUST199,Male,45.0,Beauty,3.0,500.0,1500.0
200.0,2023-09-01,CUST200,Male,27.0,Beauty,3.0,50.0,150.0
201.0,2023-10-09,CUST201,Male,56.0,Electronics,1.0,25.0,25.0
202.0,2023-03-26,CUST202,Female,34.0,Clothing,4.0,300.0,1200.0
203.0,2023-05-16,CUST203,Male,56.0,Clothing,2.0,500.0,1000.0
204.0,2023-09-28,CUST204,Male,39.0,Beauty,1.0,25.0,25.0
205.0,2023-11-07,CUST205,Female,43.0,Clothing,1.0,25.0,25.0
206.0,2023-08-05,CUST206,Male,61.0,Clothing,1.0,25.0,25.0
207.0,2023-04-19,CUST207,Female,42.0,Beauty,2.0,25.0,50.0
208.0,2023-10-04,CUST208,Female,34.0,Electronics,4.0,50.0,200.0
209.0,2023-12-20,CUST209,Female,30.0,Electronics,4.0,50.0,200.0
210.0,2023-04-13,CUST210,Male,37.0,Electronics,4.0,50.0,200.0
211.0,2024-01-01,CUST211,Male,42.0,Beauty,3.0,500.0,1500.0
212.0,2023-06-09,CUST212,Male,21.0,Clothing,3.0,500.0,1500.0
213.0,2023-07-24,CUST213,Male,27.0,Beauty,3.0,500.0,1500.0
214.0,2023-12-10,CUST214,Male,20.0,Beauty,2.0,30.0,60.0
215.0,2023-11-29,CUST215,Male,58.0,Clothing,3.0,500.0,1500.0
216.0,2023-07-11,CUST216,Male,62.0,Electronics,2.0,50.0,100.0
217.0,2023-08-13,CUST217,Female,35.0,Electronics,4.0,50.0,200.0
218.0,2023-09-22,CUST218,Male,64.0,Beauty,3.0,30.0,90.0
219.0,2023-08-20,CUST219,Female,53.0,Electronics,3.0,30.0,90.0
220.0,2023-03-03,CUST220,Male,64.0,Beauty,1.0,500.0,500.0
221.0,2023-05-07,CUST221,Male,39.0,Beauty,2.0,300.0,600.0
222.0,2023-04-26,CUST222,Male,51.0,Clothing,4.0,30.0,120.0
223.0,2023-02-02,CUST223,Female,64.0,Clothing,1.0,25.0,25.0
224.0,2023-06-23,CUST224,Female,25.0,Clothing,1.0,50.0,50.0
225.0,2023-01-11,CUST225,Female,57.0,Beauty,4.0,25.0,100.0
226.0,2023-10-29,CUST226,Female,61.0,Clothing,1.0,50.0,50.0
227.0,2023-10-11,CUST227,Male,36.0,Electronics,2.0,50.0,100.0
228.0,2023-04-28,CUST228,Female,59.0,Electronics,2.0,30.0,60.0
229.0,2023-10-29,CUST229,Male,58.0,Beauty,3.0,30.0,90.0
230.0,2023-04-23,CUST230,Male,54.0,Beauty,1.0,25.0,25.0
231.0,2023-01-04,CUST231,Female,23.0,Clothing,3.0,50.0,150.0
232.0,2023-02-06,CUST232,Female,43.0,Beauty,1.0,25.0,25.0
233.0,2023-12-29,CUST233,Female,51.0,Beauty,2.0,300.0,600.0
234.0,2023-11-20,CUST234,Female,62.0,Electronics,2.0,25.0,50.0
235.0,2023-01-31,CUST235,Female,23.0,Electronics,2.0,500.0,1000.0
236.0,2023-04-28,CUST236,Female,54.0,Clothing,1.0,25.0,25.0
237.0,2023-02-04,CUST237,Female,50.0,Beauty,2.0,500.0,1000.0
238.0,2023-01-17,CUST238,Female,39.0,Beauty,1.0,500.0,500.0
239.0,2023-06-19,CUST239,Male,38.0,Electronics,3.0,500.0,1500.0
240.0,2023-02-06,CUST240,Female,23.0,Beauty,1.0,300.0,300.0
241.0,2023-09-21,CUST241,Female,23.0,Electronics,3.0,25.0,75.0
242.0,2023-05-02,CUST242,Male,21.0,Clothing,1.0,25.0,25.0
243.0,2023-05-23,CUST243,Female,47.0,Electronics,3.0,300.0,900.0
244.0,2023-12-09,CUST244,Male,28.0,Beauty,2.0,50.0,100.0
245.0,2023-09-06,CUST245,Male,47.0,Clothing,3.0,30.0,90.0
246.0,2023-04-20,CUST246,Female,48.0,Electronics,2.0,25.0,50.0
247.0,2023-10-04,CUST247,Male,41.0,Electronics,2.0,30.0,60.0
248.0,2023-03-09,CUST248,Male,26.0,Clothing,3.0,300.0,900.0
249.0,2023-10-20,CUST249,Male,20.0,Clothing,1.0,50.0,50.0
250.0,2023-10-23,CUST250,Male,48.0,Electronics,1.0,50.0,50.0
251.0,2023-08-31,CUST251,Female,57.0,Beauty,4.0,50.0,200.0
252.0,2023-05-05,CUST252,Male,54.0,Electronics,1.0,300.0,300.0
253.0,2023-08-31,CUST253,Female,53.0,Clothing,4.0,500.0,2000.0
254.0,2023-07-28,CUST254,Male,41.0,Electronics,1.0,500.0,500.0
255.0,2023-04-08,CUST255,Male,48.0,Clothing,1.0,30.0,30.0
256.0,2023-02-18,CUST256,Male,23.0,Clothing,2.0,500.0,1000.0
257.0,2023-02-19,CUST257,Male,19.0,Beauty,4.0,500.0,2000.0
258.0,2023-12-04,CUST258,Female,37.0,Clothing,1.0,50.0,50.0
259.0,2023-08-09,CUST259,Female,45.0,Clothing,4.0,50.0,200.0
260.0,2023-07-01,CUST260,Male,28.0,Beauty,2.0,30.0,60.0
261.0,2023-08-05,CUST261,Male,21.0,Clothing,2.0,25.0,50.0
262.0,2023-07-30,CUST262,Female,32.0,Beauty,4.0,30.0,120.0
263.0,2023-08-28,CUST263,Male,23.0,Beauty,2.0,30.0,60.0
264.0,2023-01-28,CUST264,Male,47.0,Clothing,3.0,300.0,900.0
265.0,2023-12-11,CUST265,Male,55.0,Clothing,3.0,300.0,900.0
266.0,2023-12-01,CUST266,Female,19.0,Electronics,2.0,30.0,60.0
267.0,2023-11-27,CUST267,Female,32.0,Beauty,3.0,30.0,90.0
268.0,2023-02-20,CUST268,Female,28.0,Electronics,1.0,30.0,30.0
269.0,2023-02-01,CUST269,Male,25.0,Clothing,4.0,500.0,2000.0
270.0,2023-07-26,CUST270,Male,43.0,Electronics,1.0,300.0,300.0
271.0,2023-06-23,CUST271,Female,62.0,Beauty,4.0,30.0,120.0
272.0,2023-02-25,CUST272,Female,61.0,Electronics,2.0,50.0,100.0
273.0,2023-05-08,CUST273,Female,22.0,Beauty,1.0,50.0,50.0
274.0,2023-04-09,CUST274,Female,23.0,Clothing,2.0,500.0,1000.0
275.0,2023-04-08,CUST275,Male,43.0,Clothing,2.0,500.0,1000.0
276.0,2023-10-02,CUST276,Female,21.0,Beauty,4.0,25.0,100.0
277.0,2023-08-18,CUST277,Male,36.0,Clothing,4.0,25.0,100.0
278.0,2023-03-13,CUST278,Female,37.0,Clothing,4.0,25.0,100.0
279.0,2023-08-05,CUST279,Male,50.0,Clothing,1.0,500.0,500.0
280.0,2023-04-04,CUST280,Female,37.0,Clothing,3.0,500.0,1500.0
281.0,2023-05-23,CUST281,Female,29.0,Beauty,4.0,500.0,2000.0
282.0,2023-08-25,CUST282,Female,64.0,Electronics,4.0,50.0,200.0
283.0,2023-05-08,CUST283,Female,18.0,Electronics,1.0,500.0,500.0
284.0,2023-02-08,CUST284,Male,43.0,Clothing,4.0,50.0,200.0
285.0,2023-08-15,CUST285,Female,31.0,Electronics,1.0,25.0,25.0
286.0,2023-10-09,CUST286,Male,55.0,Electronics,2.0,25.0,50.0
287.0,2023-02-20,CUST287,Male,54.0,Clothing,4.0,25.0,100.0
288.0,2023-01-26,CUST288,Male,28.0,Clothing,4.0,30.0,120.0
289.0,2023-11-30,CUST289,Male,53.0,Electronics,2.0,30.0,60.0
290.0,2023-10-04,CUST290,Female,30.0,Beauty,2.0,300.0,600.0
291.0,2023-01-08,CUST291,Male,60.0,Clothing,2.0,300.0,600.0
292.0,2023-02-17,CUST292,Male,20.0,Beauty,4.0,300.0,1200.0
293.0,2023-05-02,CUST293,Male,50.0,Electronics,3.0,30.0,90.0
294.0,2023-03-27,CUST294,Female,23.0,Clothing,3.0,30.0,90.0
295.0,2023-07-28,CUST295,Female,27.0,Beauty,3.0,300.0,900.0
296.0,2023-09-06,CUST296,Female,22.0,Clothing,4.0,300.0,1200.0
297.0,2023-09-04,CUST297,Female,40.0,Electronics,2.0,500.0,1000.0
298.0,2023-04-20,CUST298,Male,27.0,Beauty,4.0,300.0,1200.0
299.0,2023-07-25,CUST299,Male,61.0,Electronics,2.0,500.0,1000.0
300.0,2023-01-31,CUST300,Female,19.0,Electronics,4.0,50.0,200.0
301.0,2023-03-26,CUST301,Male,30.0,Clothing,4.0,30.0,120.0
302.0,2023-07-14,CUST302,Male,57.0,Beauty,2.0,300.0,600.0
303.0,2023-01-02,CUST303,Male,19.0,Electronics,3.0,30.0,90.0
304.0,2023-07-19,CUST304,Female,37.0,Electronics,2.0,30.0,60.0
305.0,2023-05-16,CUST305,Female,18.0,Beauty,1.0,30.0,30.0
306.0,2023-08-21,CUST306,Male,54.0,Electronics,1.0,50.0,50.0
307.0,2023-05-27,CUST307,Female,26.0,Electronics,2.0,25.0,50.0
308.0,2023-08-05,CUST308,Female,34.0,Beauty,4.0,300.0,1200.0
309.0,2023-12-23,CUST309,Female,26.0,Beauty,1.0,25.0,25.0
310.0,2023-10-12,CUST310,Female,28.0,Beauty,1.0,25.0,25.0
311.0,2023-12-05,CUST311,Female,32.0,Beauty,4.0,25.0,100.0
312.0,2023-09-07,CUST312,Male,41.0,Clothing,4.0,30.0,120.0
313.0,2023-03-21,CUST313,Female,55.0,Beauty,3.0,500.0,1500.0
314.0,2023-04-08,CUST314,Male,52.0,Clothing,4.0,30.0,120.0
315.0,2023-06-01,CUST315,Male,47.0,Clothing,2.0,30.0,60.0
316.0,2023-04-22,CUST316,Female,48.0,Clothing,2.0,25.0,50.0
317.0,2023-01-30,CUST317,Male,22.0,Electronics,3.0,30.0,90.0
318.0,2023-10-24,CUST318,Male,61.0,Clothing,1.0,25.0,25.0
319.0,2023-10-05,CUST319,Male,31.0,Clothing,1.0,500.0,500.0
320.0,2023-02-01,CUST320,Female,28.0,Electronics,4.0,300.0,1200.0
321.0,2023-06-10,CUST321,Female,26.0,Electronics,2.0,25.0,50.0
322.0,2023-01-30,CUST322,Male,51.0,Electronics,1.0,500.0,500.0
323.0,2023-01-26,CUST323,Female,29.0,Beauty,3.0,300.0,900.0
324.0,2023-10-27,CUST324,Female,52.0,Electronics,3.0,50.0,150.0
325.0,2023-09-02,CUST325,Female,52.0,Electronics,2.0,25.0,50.0
326.0,2023-09-15,CUST326,Female,18.0,Clothing,3.0,25.0,75.0
327.0,2023-09-29,CUST327,Male,57.0,Electronics,3.0,50.0,150.0
328.0,2023-03-22,CUST328,Male,39.0,Beauty,2.0,50.0,100.0
329.0,2023-01-30,CUST329,Female,46.0,Electronics,4.0,25.0,100.0
330.0,2023-09-18,CUST330,Female,25.0,Beauty,4.0,50.0,200.0
331.0,2023-02-11,CUST331,Male,28.0,Electronics,3.0,30.0,90.0
332.0,2023-04-06,CUST332,Male,58.0,Electronics,4.0,300.0,1200.0
333.0,2023-02-05,CUST333,Female,54.0,Electronics,4.0,300.0,1200.0
334.0,2023-11-01,CUST334,Male,31.0,Electronics,3.0,300.0,900.0
335.0,2023-02-04,CUST335,Female,47.0,Beauty,4.0,30.0,120.0
336.0,2023-12-12,CUST336,Female,52.0,Beauty,3.0,50.0,150.0
337.0,2023-05-01,CUST337,Male,38.0,Clothing,1.0,500.0,500.0
338.0,2023-07-26,CUST338,Male,54.0,Beauty,2.0,50.0,100.0
339.0,2023-03-03,CUST339,Female,22.0,Electronics,2.0,25.0,50.0
340.0,2023-10-19,CUST340,Female,36.0,Clothing,4.0,300.0,1200.0
341.0,2023-05-07,CUST341,Male,31.0,Clothing,4.0,50.0,200.0
342.0,2023-10-24,CUST342,Female,43.0,Clothing,4.0,500.0,2000.0
343.0,2023-11-01,CUST343,Male,21.0,Electronics,2.0,25.0,50.0
344.0,2023-01-21,CUST344,Female,42.0,Beauty,1.0,30.0,30.0
345.0,2023-11-14,CUST345,Male,62.0,Electronics,1.0,30.0,30.0
346.0,2023-02-11,CUST346,Male,59.0,Clothing,2.0,500.0,1000.0
347.0,2023-08-03,CUST347,Male,42.0,Electronics,1.0,25.0,25.0
348.0,2023-12-03,CUST348,Female,35.0,Electronics,2.0,300.0,600.0
349.0,2023-10-26,CUST349,Female,57.0,Beauty,1.0,50.0,50.0
350.0,2023-10-17,CUST350,Male,25.0,Beauty,3.0,25.0,75.0
351.0,2023-09-25,CUST351,Female,56.0,Clothing,3.0,30.0,90.0
352.0,2023-06-11,CUST352,Male,57.0,Electronics,2.0,500.0,1000.0
353.0,2023-05-14,CUST353,Male,31.0,Electronics,1.0,500.0,500.0
354.0,2023-04-15,CUST354,Female,49.0,Beauty,4.0,50.0,200.0
355.0,2023-12-09,CUST355,Female,55.0,Electronics,1.0,500.0,500.0
356.0,2023-06-10,CUST356,Male,50.0,Electronics,3.0,500.0,1500.0
357.0,2023-05-03,CUST357,Female,40.0,Electronics,3.0,25.0,75.0
358.0,2023-05-16,CUST358,Female,32.0,Beauty,1.0,300.0,300.0
359.0,2023-07-22,CUST359,Male,50.0,Clothing,1.0,50.0,50.0
360.0,2023-03-09,CUST360,Male,42.0,Clothing,4.0,25.0,100.0
361.0,2023-12-10,CUST361,Female,34.0,Electronics,4.0,300.0,1200.0
362.0,2023-11-27,CUST362,Male,50.0,Clothing,1.0,25.0,25.0
363.0,2023-06-03,CUST363,Male,64.0,Beauty,1.0,25.0,25.0
364.0,2023-08-23,CUST364,Female,19.0,Beauty,1.0,500.0,500.0
365.0,2023-06-11,CUST365,Male,31.0,Clothing,1.0,300.0,300.0
366.0,2023-02-07,CUST366,Male,57.0,Clothing,2.0,50.0,100.0
367.0,2023-01-05,CUST367,Female,57.0,Electronics,1.0,50.0,50.0
368.0,2023-08-23,CUST368,Female,56.0,Clothing,4.0,300.0,1200.0
369.0,2023-11-15,CUST369,Male,23.0,Electronics,3.0,500.0,1500.0
370.0,2023-10-16,CUST370,Male,23.0,Electronics,2.0,30.0,60.0
371.0,2023-02-21,CUST371,Female,20.0,Beauty,1.0,25.0,25.0
372.0,2023-02-07,CUST372,Female,24.0,Beauty,3.0,500.0,1500.0
373.0,2023-10-03,CUST373,Female,25.0,Beauty,2.0,300.0,600.0
374.0,2023-04-20,CUST374,Female,59.0,Beauty,3.0,25.0,75.0
375.0,2023-09-17,CUST375,Male,32.0,Clothing,1.0,50.0,50.0
376.0,2023-05-16,CUST376,Female,64.0,Beauty,1.0,30.0,30.0
377.0,2023-03-09,CUST377,Female,46.0,Clothing,4.0,50.0,200.0
378.0,2023-06-28,CUST378,Male,50.0,Beauty,1.0,300.0,300.0
379.0,2023-02-05,CUST379,Female,47.0,Clothing,1.0,25.0,25.0
380.0,2023-05-06,CUST380,Male,56.0,Electronics,2.0,300.0,600.0
381.0,2023-07-09,CUST381,Female,44.0,Clothing,4.0,25.0,100.0
382.0,2023-05-26,CUST382,Female,53.0,Clothing,2.0,500.0,1000.0
383.0,2023-03-22,CUST383,Female,46.0,Beauty,3.0,30.0,90.0
384.0,2023-08-13,CUST384,Male,55.0,Clothing,1.0,500.0,500.0
385.0,2023-10-06,CUST385,Male,50.0,Electronics,3.0,500.0,1500.0
386.0,2023-12-27,CUST386,Female,54.0,Electronics,2.0,300.0,600.0
387.0,2023-06-04,CUST387,Male,44.0,Beauty,1.0,30.0,30.0
388.0,2023-11-10,CUST388,Male,50.0,Electronics,1.0,25.0,25.0
389.0,2023-12-01,CUST389,Male,21.0,Clothing,2.0,25.0,50.0
390.0,2023-09-28,CUST390,Male,39.0,Electronics,2.0,50.0,100.0
391.0,2023-01-05,CUST391,Male,19.0,Beauty,2.0,25.0,50.0
392.0,2023-12-08,CUST392,Male,27.0,Clothing,2.0,300.0,600.0
393.0,2023-10-11,CUST393,Female,22.0,Beauty,2.0,500.0,1000.0
394.0,2023-06-03,CUST394,Female,27.0,Clothing,1.0,500.0,500.0
395.0,2023-12-06,CUST395,Male,50.0,Electronics,2.0,500.0,1000.0
396.0,2023-02-23,CUST396,Female,55.0,Beauty,1.0,30.0,30.0
397.0,2023-03-10,CUST397,Female,30.0,Beauty,1.0,25.0,25.0
398.0,2023-05-16,CUST398,Female,48.0,Clothing,2.0,300.0,600.0
399.0,2023-03-01,CUST399,Female,64.0,Beauty,2.0,30.0,60.0
400.0,2023-02-24,CUST400,Male,53.0,Clothing,4.0,50.0,200.0
401.0,2023-10-11,CUST401,Female,62.0,Clothing,1.0,300.0,300.0
402.0,2023-03-21,CUST402,Female,41.0,Clothing,2.0,300.0,600.0
403.0,2023-05-20,CUST403,Male,32.0,Clothing,2.0,300.0,600.0
404.0,2023-05-25,CUST404,Male,46.0,Electronics,2.0,500.0,1000.0
405.0,2023-11-06,CUST405,Female,25.0,Clothing,4.0,300.0,1200.0
406.0,2023-04-18,CUST406,Female,22.0,Beauty,4.0,25.0,100.0
407.0,2023-06-25,CUST407,Female,46.0,Electronics,3.0,300.0,900.0
408.0,2023-04-15,CUST408,Female,64.0,Beauty,1.0,500.0,500.0
409.0,2023-12-18,CUST409,Female,21.0,Electronics,3.0,300.0,900.0
410.0,2023-11-21,CUST410,Female,29.0,Clothing,2.0,50.0,100.0
411.0,2023-05-16,CUST411,Male,62.0,Electronics,4.0,50.0,200.0
412.0,2023-09-16,CUST412,Female,19.0,Electronics,4.0,500.0,2000.0
413.0,2023-09-08,CUST413,Female,44.0,Beauty,3.0,25.0,75.0
414.0,2023-05-09,CUST414,Male,48.0,Beauty,4.0,25.0,100.0
415.0,2023-01-27,CUST415,Male,53.0,Clothing,2.0,30.0,60.0
416.0,2023-02-17,CUST416,Male,53.0,Electronics,4.0,500.0,2000.0
417.0,2023-11-21,CUST417,Male,43.0,Electronics,3.0,300.0,900.0
418.0,2023-08-05,CUST418,Female,60.0,Electronics,2.0,500.0,1000.0
419.0,2023-05-22,CUST419,Female,44.0,Clothing,3.0,30.0,90.0
420.0,2023-01-23,CUST420,Female,22.0,Clothing,4.0,500.0,2000.0
421.0,2023-01-02,CUST421,Female,37.0,Clothing,3.0,500.0,1500.0
422.0,2023-06-20,CUST422,Female,28.0,Clothing,3.0,30.0,90.0
423.0,2023-03-08,CUST423,Female,27.0,Clothing,1.0,25.0,25.0
424.0,2023-11-23,CUST424,Male,57.0,Beauty,4.0,300.0,1200.0
425.0,2023-05-15,CUST425,Female,55.0,Electronics,4.0,30.0,120.0
426.0,2023-03-24,CUST426,Male,23.0,Electronics,3.0,50.0,150.0
427.0,2023-08-15,CUST427,Male,25.0,Electronics,1.0,25.0,25.0
428.0,2023-10-10,CUST428,Female,40.0,Electronics,4.0,50.0,200.0
429.0,2023-12-28,CUST429,Male,64.0,Electronics,2.0,25.0,50.0
430.0,2023-08-07,CUST430,Female,43.0,Electronics,3.0,300.0,900.0
431.0,2023-10-15,CUST431,Male,63.0,Electronics,4.0,300.0,1200.0
432.0,2023-01-05,CUST432,Female,60.0,Electronics,2.0,500.0,1000.0
433.0,2023-02-27,CUST433,Male,29.0,Beauty,4.0,50.0,200.0
434.0,2023-02-08,CUST434,Female,43.0,Electronics,2.0,25.0,50.0
435.0,2023-12-20,CUST435,Female,30.0,Beauty,3.0,300.0,900.0
436.0,2023-03-18,CUST436,Female,57.0,Clothing,4.0,30.0,120.0
437.0,2023-10-07,CUST437,Female,35.0,Electronics,4.0,300.0,1200.0
438.0,2023-01-19,CUST438,Female,42.0,Clothing,1.0,30.0,30.0
439.0,2023-07-09,CUST439,Male,50.0,Clothing,3.0,25.0,75.0
440.0,2023-10-26,CUST440,Male,64.0,Clothing,2.0,300.0,600.0
441.0,2023-10-10,CUST441,Male,57.0,Beauty,4.0,300.0,1200.0
442.0,2023-03-17,CUST442,Female,60.0,Clothing,4.0,25.0,100.0
443.0,2023-08-09,CUST443,Male,29.0,Clothing,2.0,300.0,600.0
444.0,2023-03-07,CUST444,Female,61.0,Clothing,3.0,30.0,90.0
445.0,2023-01-22,CUST445,Female,53.0,Electronics,1.0,300.0,300.0
446.0,2023-06-07,CUST446,Male,21.0,Electronics,1.0,50.0,50.0
447.0,2023-07-06,CUST447,Male,22.0,Beauty,4.0,500.0,2000.0
448.0,2023-01-21,CUST448,Female,54.0,Beauty,2.0,30.0,60.0
449.0,2023-07-03,CUST449,Male,25.0,Electronics,4.0,50.0,200.0
450.0,2023-04-18,CUST450,Female,59.0,Beauty,2.0,25.0,50.0
451.0,2023-12-16,CUST451,Female,45.0,Electronics,1.0,30.0,30.0
452.0,2023-05-08,CUST452,Female,48.0,Clothing,3.0,500.0,1500.0
453.0,2023-12-08,CUST453,Female,26.0,Clothing,2.0,500.0,1000.0
454.0,2023-02-22,CUST454,Female,46.0,Beauty,1.0,25.0,25.0
455.0,2023-07-01,CUST455,Male,31.0,Electronics,4.0,25.0,100.0
456.0,2023-10-14,CUST456,Male,57.0,Electronics,2.0,30.0,60.0
457.0,2023-07-28,CUST457,Female,58.0,Beauty,3.0,300.0,900.0
458.0,2023-11-14,CUST458,Female,39.0,Electronics,4.0,25.0,100.0
459.0,2023-03-21,CUST459,Male,28.0,Clothing,4.0,300.0,1200.0
460.0,2023-05-02,CUST460,Male,40.0,Beauty,1.0,50.0,50.0
461.0,2023-03-25,CUST461,Female,18.0,Beauty,2.0,500.0,1000.0
462.0,2023-04-01,CUST462,Male,63.0,Electronics,4.0,300.0,1200.0
463.0,2023-07-31,CUST463,Female,54.0,Beauty,3.0,500.0,1500.0
464.0,2023-01-13,CUST464,Male,38.0,Electronics,2.0,300.0,600.0
465.0,2023-04-02,CUST465,Female,43.0,Electronics,3.0,50.0,150.0
466.0,2023-06-20,CUST466,Male,63.0,Electronics,4.0,25.0,100.0
467.0,2023-07-30,CUST467,Female,53.0,Electronics,3.0,50.0,150.0
468.0,2023-12-09,CUST468,Male,40.0,Electronics,1.0,25.0,25.0
469.0,2023-05-08,CUST469,Male,18.0,Beauty,3.0,25.0,75.0
470.0,2023-05-17,CUST470,Female,57.0,Clothing,2.0,500.0,1000.0
471.0,2023-03-23,CUST471,Male,32.0,Clothing,3.0,50.0,150.0
472.0,2023-12-26,CUST472,Female,38.0,Beauty,3.0,300.0,900.0
473.0,2023-02-25,CUST473,Male,64.0,Beauty,1.0,50.0,50.0
474.0,2023-07-15,CUST474,Female,26.0,Clothing,3.0,500.0,1500.0
475.0,2023-01-20,CUST475,Male,26.0,Clothing,3.0,25.0,75.0
476.0,2023-08-29,CUST476,Female,27.0,Clothing,4.0,500.0,2000.0
477.0,2023-04-24,CUST477,Male,43.0,Clothing,4.0,30.0,120.0
478.0,2023-04-13,CUST478,Female,58.0,Clothing,2.0,30.0,60.0
479.0,2023-08-24,CUST479,Male,52.0,Electronics,4.0,300.0,1200.0
480.0,2023-06-29,CUST480,Female,42.0,Beauty,4.0,500.0,2000.0
481.0,2023-06-06,CUST481,Female,43.0,Electronics,4.0,300.0,1200.0
482.0,2023-04-27,CUST482,Female,28.0,Clothing,4.0,300.0,1200.0
483.0,2023-04-25,CUST483,Male,55.0,Clothing,1.0,30.0,30.0
484.0,2023-01-13,CUST484,Female,19.0,Clothing,4.0,300.0,1200.0
485.0,2023-12-04,CUST485,Male,24.0,Electronics,1.0,30.0,30.0
486.0,2023-04-09,CUST486,Female,35.0,Electronics,1.0,25.0,25.0
487.0,2023-07-24,CUST487,Male,44.0,Clothing,4.0,500.0,2000.0
488.0,2023-06-18,CUST488,Female,51.0,Electronics,3.0,300.0,900.0
489.0,2023-05-23,CUST489,Male,44.0,Electronics,1.0,30.0,30.0
490.0,2023-02-05,CUST490,Male,34.0,Clothing,3.0,50.0,150.0
491.0,2023-05-23,CUST491,Female,60.0,Electronics,3.0,300.0,900.0
492.0,2023-06-29,CUST492,Male,61.0,Beauty,4.0,25.0,100.0
493.0,2023-11-25,CUST493,Male,41.0,Beauty,2.0,25.0,50.0
494.0,2023-09-18,CUST494,Female,42.0,Beauty,4.0,50.0,200.0
495.0,2023-07-24,CUST495,Male,24.0,Beauty,2.0,30.0,60.0
496.0,2023-12-14,CUST496,Male,23.0,Clothing,2.0,300.0,600.0
497.0,2023-10-02,CUST497,Male,41.0,Clothing,4.0,30.0,120.0
498.0,2023-06-19,CUST498,Female,50.0,Clothing,4.0,25.0,100.0
499.0,2023-01-15,CUST499,Male,46.0,Beauty,2.0,30.0,60.0
500.0,2023-03-01,CUST500,Female,60.0,Beauty,4.0,25.0,100.0
501.0,2023-05-14,CUST501,Male,39.0,Electronics,2.0,30.0,60.0
502.0,2023-04-02,CUST502,Male,43.0,Electronics,3.0,50.0,150.0
503.0,2023-10-25,CUST503,Male,45.0,Beauty,4.0,500.0,2000.0
504.0,2023-05-16,CUST504,Female,38.0,Beauty,3.0,50.0,150.0
505.0,2023-01-20,CUST505,Male,24.0,Beauty,1.0,50.0,50.0
506.0,2023-02-25,CUST506,Male,34.0,Beauty,3.0,500.0,1500.0
507.0,2023-11-02,CUST507,Female,37.0,Electronics,3.0,500.0,1500.0
508.0,2023-08-11,CUST508,Male,58.0,Beauty,2.0,300.0,600.0
509.0,2023-06-26,CUST509,Female,37.0,Electronics,3.0,300.0,900.0
510.0,2023-06-10,CUST510,Female,39.0,Beauty,4.0,50.0,200.0
511.0,2023-08-12,CUST511,Male,45.0,Beauty,2.0,50.0,100.0
512.0,2023-11-07,CUST512,Female,57.0,Beauty,1.0,25.0,25.0
513.0,2023-09-19,CUST513,Male,24.0,Electronics,4.0,25.0,100.0
514.0,2023-03-01,CUST514,Female,18.0,Electronics,1.0,300.0,300.0
515.0,2023-07-17,CUST515,Female,49.0,Clothing,3.0,300.0,900.0
516.0,2023-10-23,CUST516,Male,30.0,Beauty,4.0,25.0,100.0
517.0,2023-04-08,CUST517,Female,47.0,Clothing,4.0,25.0,100.0
518.0,2023-05-11,CUST518,Female,40.0,Clothing,1.0,30.0,30.0
519.0,2023-01-23,CUST519,Female,36.0,Electronics,4.0,30.0,120.0
520.0,2023-12-29,CUST520,Female,49.0,Electronics,4.0,25.0,100.0
521.0,2023-08-12,CUST521,Female,47.0,Clothing,4.0,30.0,120.0
522.0,2023-01-01,CUST522,Male,46.0,Beauty,3.0,500.0,1500.0
523.0,2023-09-24,CUST523,Female,62.0,Electronics,1.0,300.0,300.0
524.0,2023-10-03,CUST524,Male,46.0,Beauty,4.0,300.0,1200.0
525.0,2023-12-18,CUST525,Female,47.0,Beauty,2.0,25.0,50.0
526.0,2023-12-10,CUST526,Male,33.0,Clothing,2.0,50.0,100.0
527.0,2023-04-11,CUST527,Male,57.0,Clothing,2.0,25.0,50.0
528.0,2023-07-06,CUST528,Female,36.0,Clothing,2.0,30.0,60.0
529.0,2023-08-09,CUST529,Female,35.0,Clothing,3.0,50.0,150.0
530.0,2023-02-05,CUST530,Female,18.0,Electronics,4.0,30.0,120.0
531.0,2023-12-07,CUST531,Male,31.0,Electronics,1.0,500.0,500.0
532.0,2023-06-19,CUST532,Female,64.0,Clothing,4.0,30.0,120.0
533.0,2023-11-16,CUST533,Male,19.0,Electronics,3.0,500.0,1500.0
534.0,2023-06-10,CUST534,Male,45.0,Clothing,2.0,500.0,1000.0
535.0,2023-12-06,CUST535,Male,47.0,Beauty,3.0,30.0,90.0
536.0,2023-03-05,CUST536,Female,55.0,Beauty,4.0,30.0,120.0
537.0,2023-06-03,CUST537,Female,21.0,Beauty,1.0,500.0,500.0
538.0,2023-09-17,CUST538,Male,18.0,Clothing,3.0,50.0,150.0
539.0,2023-06-08,CUST539,Male,25.0,Beauty,1.0,500.0,500.0
540.0,2023-12-08,CUST540,Female,46.0,Electronics,3.0,300.0,900.0
541.0,2023-07-29,CUST541,Male,56.0,Beauty,1.0,500.0,500.0
542.0,2023-06-17,CUST542,Female,20.0,Beauty,1.0,50.0,50.0
543.0,2023-07-26,CUST543,Male,49.0,Beauty,2.0,300.0,600.0
544.0,2023-12-23,CUST544,Female,27.0,Electronics,1.0,25.0,25.0
545.0,2023-06-01,CUST545,Male,27.0,Clothing,2.0,25.0,50.0
546.0,2023-10-11,CUST546,Female,36.0,Electronics,4.0,50.0,200.0
547.0,2023-03-07,CUST547,Male,63.0,Clothing,4.0,500.0,2000.0
548.0,2023-04-09,CUST548,Female,51.0,Clothing,2.0,30.0,60.0
549.0,2023-08-04,CUST549,Female,50.0,Beauty,2.0,50.0,100.0
550.0,2023-12-07,CUST550,Male,40.0,Clothing,3.0,300.0,900.0
551.0,2023-07-14,CUST551,Male,45.0,Electronics,3.0,300.0,900.0
552.0,2023-12-13,CUST552,Female,49.0,Electronics,3.0,25.0,75.0
553.0,2023-03-31,CUST553,Male,24.0,Clothing,4.0,300.0,1200.0
554.0,2023-11-12,CUST554,Female,46.0,Beauty,3.0,50.0,150.0
555.0,2023-10-19,CUST555,Male,25.0,Beauty,1.0,300.0,300.0
556.0,2023-06-04,CUST556,Female,18.0,Electronics,1.0,50.0,50.0
557.0,2023-07-27,CUST557,Female,20.0,Beauty,3.0,30.0,90.0
558.0,2023-10-08,CUST558,Female,41.0,Clothing,1.0,25.0,25.0
559.0,2023-01-01,CUST559,Female,40.0,Clothing,4.0,300.0,1200.0
560.0,2023-06-05,CUST560,Female,25.0,Electronics,1.0,50.0,50.0
561.0,2023-05-27,CUST561,Female,64.0,Clothing,4.0,500.0,2000.0
562.0,2023-04-18,CUST562,Male,54.0,Electronics,2.0,25.0,50.0
563.0,2023-08-09,CUST563,Male,20.0,Clothing,2.0,30.0,60.0
564.0,2023-10-24,CUST564,Male,50.0,Electronics,2.0,50.0,100.0
565.0,2023-11-07,CUST565,Female,45.0,Beauty,2.0,30.0,60.0
566.0,2023-12-02,CUST566,Female,64.0,Clothing,1.0,30.0,30.0
567.0,2023-06-14,CUST567,Female,25.0,Clothing,3.0,300.0,900.0
568.0,2023-08-27,CUST568,Female,51.0,Electronics,1.0,300.0,300.0
569.0,2023-08-15,CUST569,Male,52.0,Electronics,4.0,50.0,200.0
570.0,2023-08-15,CUST570,Male,49.0,Clothing,1.0,500.0,500.0
571.0,2023-12-12,CUST571,Female,41.0,Electronics,1.0,50.0,50.0
572.0,2023-04-20,CUST572,Male,31.0,Clothing,4.0,500.0,2000.0
573.0,2023-09-19,CUST573,Male,49.0,Beauty,2.0,30.0,60.0
574.0,2023-08-31,CUST574,Female,63.0,Electronics,2.0,25.0,50.0
575.0,2023-03-28,CUST575,Male,60.0,Clothing,2.0,50.0,100.0
576.0,2023-12-04,CUST576,Female,33.0,Beauty,3.0,50.0,150.0
577.0,2023-02-13,CUST577,Male,21.0,Beauty,4.0,500.0,2000.0
578.0,2023-05-26,CUST578,Female,54.0,Clothing,4.0,30.0,120.0
579.0,2023-09-21,CUST579,Female,38.0,Electronics,1.0,30.0,30.0
580.0,2023-12-06,CUST580,Female,31.0,Clothing,3.0,500.0,1500.0
581.0,2023-11-21,CUST581,Female,48.0,Beauty,2.0,30.0,60.0
582.0,2023-11-14,CUST582,Male,35.0,Clothing,3.0,300.0,900.0
583.0,2023-06-21,CUST583,Female,24.0,Electronics,4.0,25.0,100.0
584.0,2023-02-17,CUST584,Female,27.0,Beauty,4.0,50.0,200.0
585.0,2023-05-01,CUST585,Female,24.0,Clothing,1.0,25.0,25.0
586.0,2023-12-11,CUST586,Male,50.0,Electronics,1.0,50.0,50.0
587.0,2023-06-08,CUST587,Female,40.0,Beauty,4.0,300.0,1200.0
588.0,2023-04-26,CUST588,Male,38.0,Electronics,2.0,30.0,60.0
589.0,2023-04-12,CUST589,Female,36.0,Beauty,2.0,500.0,1000.0
590.0,2023-03-17,CUST590,Male,36.0,Clothing,3.0,300.0,900.0
591.0,2023-01-13,CUST591,Male,53.0,Electronics,4.0,25.0,100.0
592.0,2023-01-24,CUST592,Female,46.0,Beauty,4.0,500.0,2000.0
593.0,2023-05-06,CUST593,Male,35.0,Electronics,2.0,30.0,60.0
594.0,2023-09-01,CUST594,Female,19.0,Electronics,2.0,300.0,600.0
595.0,2023-11-09,CUST595,Female,18.0,Clothing,4.0,500.0,2000.0
596.0,2023-02-07,CUST596,Female,64.0,Electronics,1.0,300.0,300.0
597.0,2023-08-22,CUST597,Male,22.0,Beauty,4.0,300.0,1200.0
598.0,2023-08-01,CUST598,Male,37.0,Beauty,4.0,30.0,120.0
599.0,2023-11-19,CUST599,Female,28.0,Beauty,2.0,50.0,100.0
600.0,2023-10-22,CUST600,Female,59.0,Beauty,2.0,500.0,1000.0
601.0,2023-04-10,CUST601,Male,19.0,Clothing,1.0,30.0,30.0
602.0,2023-12-23,CUST602,Female,20.0,Electronics,1.0,300.0,300.0
603.0,2023-07-16,CUST603,Female,40.0,Clothing,3.0,30.0,90.0
604.0,2023-09-11,CUST604,Female,29.0,Electronics,4.0,50.0,200.0
605.0,2023-07-24,CUST605,Male,37.0,Electronics,2.0,500.0,1000.0
606.0,2023-05-05,CUST606,Male,22.0,Electronics,1.0,50.0,50.0
607.0,2023-03-17,CUST607,Male,54.0,Clothing,3.0,25.0,75.0
608.0,2023-12-02,CUST608,Female,55.0,Electronics,3.0,500.0,1500.0
609.0,2023-12-19,CUST609,Female,47.0,Clothing,2.0,50.0,100.0
610.0,2023-01-03,CUST610,Female,26.0,Beauty,2.0,300.0,600.0
611.0,2023-02-24,CUST611,Male,51.0,Beauty,3.0,500.0,1500.0
612.0,2023-08-06,CUST612,Female,61.0,Electronics,1.0,500.0,500.0
613.0,2023-04-23,CUST613,Female,52.0,Clothing,3.0,30.0,90.0
614.0,2023-04-01,CUST614,Female,39.0,Beauty,4.0,300.0,1200.0
615.0,2023-12-23,CUST615,Female,61.0,Clothing,4.0,25.0,100.0
616.0,2023-09-23,CUST616,Male,41.0,Clothing,2.0,50.0,100.0
617.0,2023-08-26,CUST617,Male,34.0,Electronics,1.0,30.0,30.0
618.0,2023-01-26,CUST618,Female,27.0,Beauty,1.0,50.0,50.0
619.0,2023-10-13,CUST619,Male,47.0,Electronics,4.0,25.0,100.0
620.0,2023-05-08,CUST620,Male,63.0,Electronics,3.0,25.0,75.0
621.0,2023-03-04,CUST621,Female,40.0,Beauty,2.0,500.0,1000.0
622.0,2023-08-22,CUST622,Female,49.0,Beauty,3.0,25.0,75.0
623.0,2023-03-10,CUST623,Male,34.0,Clothing,3.0,50.0,150.0
624.0,2023-08-26,CUST624,Female,34.0,Beauty,3.0,300.0,900.0
625.0,2023-12-08,CUST625,Male,31.0,Clothing,1.0,300.0,300.0
626.0,2023-09-29,CUST626,Female,26.0,Clothing,4.0,500.0,2000.0
627.0,2023-10-14,CUST627,Male,57.0,Clothing,1.0,50.0,50.0
628.0,2023-11-01,CUST628,Female,19.0,Beauty,4.0,50.0,200.0
629.0,2023-06-12,CUST629,Male,62.0,Electronics,2.0,25.0,50.0
630.0,2023-08-15,CUST630,Male,42.0,Clothing,2.0,50.0,100.0
631.0,2023-11-10,CUST631,Male,56.0,Electronics,3.0,30.0,90.0
632.0,2023-09-16,CUST632,Female,26.0,Electronics,4.0,25.0,100.0
633.0,2023-08-07,CUST633,Male,39.0,Beauty,4.0,30.0,120.0
634.0,2023-10-08,CUST634,Male,60.0,Electronics,4.0,500.0,2000.0
635.0,2023-08-17,CUST635,Female,63.0,Electronics,3.0,300.0,900.0
636.0,2023-03-23,CUST636,Female,21.0,Beauty,3.0,500.0,1500.0
637.0,2023-09-01,CUST637,Male,43.0,Clothing,2.0,300.0,600.0
638.0,2023-08-19,CUST638,Male,46.0,Electronics,1.0,500.0,500.0
639.0,2023-05-13,CUST639,Female,62.0,Beauty,4.0,50.0,200.0
640.0,2023-05-07,CUST640,Female,51.0,Electronics,4.0,30.0,120.0
641.0,2023-11-23,CUST641,Female,40.0,Electronics,1.0,300.0,300.0
642.0,2023-05-22,CUST642,Female,54.0,Clothing,4.0,25.0,100.0
643.0,2023-09-24,CUST643,Female,28.0,Electronics,3.0,30.0,90.0
644.0,2023-09-06,CUST644,Male,23.0,Beauty,3.0,25.0,75.0
645.0,2023-11-17,CUST645,Female,35.0,Electronics,4.0,30.0,120.0
646.0,2023-05-03,CUST646,Male,38.0,Clothing,3.0,30.0,90.0
647.0,2023-05-21,CUST647,Male,59.0,Clothing,3.0,500.0,1500.0
648.0,2023-08-14,CUST648,Male,53.0,Beauty,4.0,300.0,1200.0
649.0,2023-02-09,CUST649,Female,58.0,Clothing,2.0,300.0,600.0
650.0,2024-01-01,CUST650,Male,55.0,Electronics,1.0,30.0,30.0
651.0,2023-05-27,CUST651,Male,51.0,Clothing,3.0,50.0,150.0
652.0,2023-05-01,CUST652,Female,34.0,Beauty,2.0,50.0,100.0
653.0,2023-05-20,CUST653,Male,54.0,Clothing,3.0,25.0,75.0
654.0,2023-06-21,CUST654,Male,42.0,Clothing,3.0,25.0,75.0
655.0,2023-06-13,CUST655,Female,55.0,Clothing,1.0,500.0,500.0
656.0,2023-10-04,CUST656,Male,29.0,Beauty,3.0,30.0,90.0
657.0,2023-02-11,CUST657,Male,40.0,Clothing,1.0,25.0,25.0
658.0,2023-03-12,CUST658,Male,59.0,Clothing,1.0,25.0,25.0
659.0,2023-03-19,CUST659,Female,39.0,Electronics,1.0,30.0,30.0
660.0,2023-04-29,CUST660,Female,38.0,Beauty,2.0,500.0,1000.0
661.0,2023-07-16,CUST661,Female,44.0,Clothing,4.0,25.0,100.0
662.0,2023-12-22,CUST662,Male,48.0,Beauty,2.0,500.0,1000.0
663.0,2023-03-20,CUST663,Male,23.0,Clothing,4.0,300.0,1200.0
664.0,2023-12-28,CUST664,Female,44.0,Clothing,4.0,500.0,2000.0
665.0,2023-04-20,CUST665,Male,57.0,Clothing,1.0,50.0,50.0
666.0,2023-02-02,CUST666,Male,51.0,Electronics,3.0,50.0,150.0
667.0,2023-08-01,CUST667,Female,29.0,Electronics,1.0,500.0,500.0
668.0,2023-07-28,CUST668,Female,62.0,Electronics,3.0,50.0,150.0
669.0,2023-06-19,CUST669,Male,24.0,Beauty,4.0,300.0,1200.0
670.0,2023-10-05,CUST670,Male,27.0,Beauty,1.0,30.0,30.0
671.0,2023-08-27,CUST671,Male,62.0,Electronics,3.0,50.0,150.0
672.0,2023-08-01,CUST672,Female,34.0,Beauty,2.0,50.0,100.0
673.0,2023-02-01,CUST673,Female,43.0,Clothing,3.0,500.0,1500.0
674.0,2023-04-16,CUST674,Female,38.0,Clothing,1.0,300.0,300.0
675.0,2023-08-04,CUST675,Female,45.0,Clothing,2.0,30.0,60.0
676.0,2023-07-19,CUST676,Male,63.0,Electronics,3.0,500.0,1500.0
677.0,2023-10-27,CUST677,Female,19.0,Beauty,3.0,500.0,1500.0
678.0,2023-12-23,CUST678,Female,60.0,Electronics,3.0,300.0,900.0
679.0,2023-01-11,CUST679,Female,18.0,Beauty,3.0,30.0,90.0
680.0,2023-10-22,CUST680,Female,53.0,Clothing,3.0,300.0,900.0
681.0,2023-07-14,CUST681,Female,43.0,Electronics,2.0,30.0,60.0
682.0,2023-09-02,CUST682,Male,46.0,Beauty,4.0,300.0,1200.0
683.0,2023-01-04,CUST683,Male,38.0,Beauty,2.0,500.0,1000.0
684.0,2023-06-30,CUST684,Female,28.0,Clothing,2.0,500.0,1000.0
685.0,2023-06-02,CUST685,Male,57.0,Electronics,2.0,25.0,50.0
686.0,2023-07-19,CUST686,Female,28.0,Electronics,4.0,50.0,200.0
687.0,2023-08-03,CUST687,Female,53.0,Electronics,1.0,300.0,300.0
688.0,2023-10-03,CUST688,Male,56.0,Clothing,4.0,25.0,100.0
689.0,2023-10-07,CUST689,Male,57.0,Electronics,2.0,50.0,100.0
690.0,2023-11-05,CUST690,Female,52.0,Clothing,3.0,300.0,900.0
691.0,2023-04-23,CUST691,Female,51.0,Clothing,3.0,30.0,90.0
692.0,2023-09-07,CUST692,Female,64.0,Clothing,2.0,50.0,100.0
693.0,2023-04-23,CUST693,Male,41.0,Beauty,3.0,500.0,1500.0
694.0,2023-05-20,CUST694,Female,39.0,Electronics,2.0,25.0,50.0
695.0,2023-08-12,CUST695,Female,22.0,Electronics,3.0,50.0,150.0
696.0,2023-09-06,CUST696,Female,50.0,Clothing,4.0,50.0,200.0
697.0,2023-01-15,CUST697,Male,53.0,Clothing,1.0,500.0,500.0
698.0,2023-07-19,CUST698,Female,64.0,Electronics,1.0,300.0,300.0
699.0,2023-06-22,CUST699,Female,37.0,Clothing,4.0,30.0,120.0
700.0,2023-12-09,CUST700,Male,36.0,Electronics,4.0,500.0,2000.0
701.0,2023-12-14,CUST701,Female,52.0,Beauty,2.0,30.0,60.0
702.0,2023-07-27,CUST702,Female,60.0,Clothing,2.0,300.0,600.0
703.0,2023-03-26,CUST703,Male,34.0,Electronics,2.0,50.0,100.0
704.0,2023-08-28,CUST704,Female,62.0,Clothing,3.0,30.0,90.0
705.0,2023-03-07,CUST705,Male,60.0,Electronics,2.0,25.0,50.0
706.0,2023-11-15,CUST706,Male,51.0,Electronics,4.0,25.0,100.0
707.0,2023-10-01,CUST707,Female,26.0,Clothing,1.0,500.0,500.0
708.0,2023-01-14,CUST708,Female,43.0,Beauty,3.0,300.0,900.0
709.0,2023-07-21,CUST709,Female,19.0,Electronics,2.0,500.0,1000.0
710.0,2023-10-31,CUST710,Female,26.0,Electronics,3.0,500.0,1500.0
711.0,2023-10-16,CUST711,Male,26.0,Electronics,3.0,500.0,1500.0
712.0,2023-12-06,CUST712,Female,57.0,Beauty,2.0,25.0,50.0
713.0,2023-01-14,CUST713,Male,34.0,Beauty,3.0,25.0,75.0
714.0,2023-02-12,CUST714,Female,18.0,Clothing,1.0,500.0,500.0
715.0,2023-11-26,CUST715,Female,42.0,Beauty,4.0,25.0,100.0
716.0,2023-08-08,CUST716,Female,60.0,Clothing,4.0,300.0,1200.0
717.0,2023-03-11,CUST717,Male,57.0,Clothing,1.0,500.0,500.0
718.0,2023-08-25,CUST718,Female,59.0,Beauty,3.0,25.0,75.0
719.0,2023-04-04,CUST719,Female,42.0,Clothing,2.0,30.0,60.0
720.0,2023-01-26,CUST720,Female,56.0,Beauty,3.0,500.0,1500.0
721.0,2023-05-14,CUST721,Female,52.0,Clothing,1.0,500.0,500.0
722.0,2023-07-14,CUST722,Male,20.0,Beauty,3.0,300.0,900.0
723.0,2023-06-17,CUST723,Female,54.0,Beauty,4.0,50.0,200.0
724.0,2023-04-19,CUST724,Male,61.0,Clothing,3.0,50.0,150.0
725.0,2023-08-21,CUST725,Male,61.0,Electronics,1.0,300.0,300.0
726.0,2023-06-17,CUST726,Male,47.0,Clothing,4.0,300.0,1200.0
727.0,2023-06-22,CUST727,Male,55.0,Beauty,3.0,300.0,900.0
728.0,2023-07-14,CUST728,Male,51.0,Electronics,3.0,50.0,150.0
729.0,2023-05-23,CUST729,Male,29.0,Clothing,4.0,300.0,1200.0
730.0,2023-08-04,CUST730,Female,36.0,Clothing,2.0,25.0,50.0
731.0,2023-05-10,CUST731,Male,54.0,Clothing,4.0,500.0,2000.0
732.0,2023-02-11,CUST732,Male,61.0,Electronics,2.0,500.0,1000.0
733.0,2023-08-29,CUST733,Male,34.0,Beauty,1.0,30.0,30.0
734.0,2023-01-10,CUST734,Female,27.0,Clothing,1.0,30.0,30.0
735.0,2023-10-04,CUST735,Female,64.0,Clothing,4.0,500.0,2000.0
736.0,2023-01-27,CUST736,Male,29.0,Clothing,4.0,25.0,100.0
737.0,2023-06-29,CUST737,Female,33.0,Clothing,1.0,50.0,50.0
738.0,2023-04-25,CUST738,Male,41.0,Clothing,2.0,50.0,100.0
739.0,2023-11-29,CUST739,Male,36.0,Beauty,1.0,25.0,25.0
740.0,2023-02-05,CUST740,Female,25.0,Beauty,4.0,50.0,200.0
741.0,2023-11-30,CUST741,Male,48.0,Clothing,1.0,300.0,300.0
742.0,2023-01-21,CUST742,Female,38.0,Electronics,4.0,500.0,2000.0
743.0,2023-01-16,CUST743,Female,34.0,Beauty,4.0,500.0,2000.0
744.0,2023-05-07,CUST744,Male,40.0,Electronics,1.0,25.0,25.0
745.0,2023-04-13,CUST745,Male,54.0,Beauty,2.0,50.0,100.0
746.0,2023-01-11,CUST746,Female,33.0,Clothing,3.0,30.0,90.0
747.0,2023-11-15,CUST747,Male,23.0,Beauty,1.0,30.0,30.0
748.0,2023-03-20,CUST748,Male,25.0,Clothing,3.0,50.0,150.0
749.0,2023-05-03,CUST749,Male,42.0,Beauty,1.0,30.0,30.0
750.0,2023-03-06,CUST750,Female,35.0,Clothing,3.0,25.0,75.0
751.0,2023-08-31,CUST751,Female,42.0,Clothing,2.0,25.0,50.0
752.0,2023-12-09,CUST752,Male,29.0,Clothing,2.0,50.0,100.0
753.0,2023-02-28,CUST753,Female,32.0,Clothing,1.0,30.0,30.0
754.0,2023-10-16,CUST754,Female,43.0,Electronics,4.0,25.0,100.0
755.0,2023-04-22,CUST755,Female,58.0,Clothing,3.0,25.0,75.0
756.0,2023-08-27,CUST756,Female,62.0,Electronics,4.0,300.0,1200.0
757.0,2023-12-25,CUST757,Female,43.0,Electronics,4.0,300.0,1200.0
758.0,2023-05-12,CUST758,Male,64.0,Clothing,4.0,25.0,100.0
759.0,2023-07-08,CUST759,Male,49.0,Electronics,2.0,50.0,100.0
760.0,2023-03-27,CUST760,Male,27.0,Beauty,1.0,500.0,500.0
761.0,2023-11-07,CUST761,Female,33.0,Clothing,1.0,500.0,500.0
762.0,2023-11-07,CUST762,Female,24.0,Electronics,2.0,25.0,50.0
763.0,2023-02-28,CUST763,Male,34.0,Clothing,2.0,25.0,50.0
764.0,2023-03-25,CUST764,Female,40.0,Clothing,1.0,25.0,25.0
765.0,2023-06-09,CUST765,Male,43.0,Clothing,4.0,50.0,200.0
766.0,2023-02-25,CUST766,Male,38.0,Electronics,3.0,300.0,900.0
767.0,2023-10-24,CUST767,Male,39.0,Beauty,3.0,25.0,75.0
768.0,2023-01-14,CUST768,Female,24.0,Beauty,3.0,25.0,75.0
769.0,2023-06-09,CUST769,Female,31.0,Electronics,4.0,30.0,120.0
770.0,2023-10-22,CUST770,Male,32.0,Clothing,1.0,50.0,50.0
771.0,2023-12-13,CUST771,Male,24.0,Electronics,2.0,25.0,50.0
772.0,2023-07-12,CUST772,Male,26.0,Electronics,1.0,30.0,30.0
773.0,2023-07-23,CUST773,Male,25.0,Electronics,4.0,500.0,2000.0
774.0,2023-04-12,CUST774,Female,40.0,Clothing,2.0,25.0,50.0
775.0,2023-02-08,CUST775,Female,46.0,Electronics,4.0,25.0,100.0
776.0,2023-10-31,CUST776,Male,35.0,Clothing,3.0,30.0,90.0
777.0,2023-12-20,CUST777,Male,48.0,Electronics,3.0,50.0,150.0
778.0,2023-11-18,CUST778,Female,47.0,Beauty,4.0,25.0,100.0
779.0,2023-05-05,CUST779,Female,56.0,Electronics,2.0,500.0,1000.0
780.0,2023-02-22,CUST780,Male,52.0,Electronics,2.0,25.0,50.0
781.0,2023-12-23,CUST781,Male,35.0,Beauty,1.0,500.0,500.0
782.0,2023-06-04,CUST782,Male,59.0,Clothing,3.0,300.0,900.0
783.0,2023-12-17,CUST783,Female,56.0,Clothing,1.0,300.0,300.0
784.0,2023-11-04,CUST784,Female,34.0,Electronics,1.0,500.0,500.0
785.0,2023-03-03,CUST785,Female,31.0,Beauty,4.0,50.0,200.0
786.0,2023-10-17,CUST786,Male,48.0,Clothing,4.0,25.0,100.0
787.0,2023-01-22,CUST787,Male,41.0,Electronics,1.0,25.0,25.0
788.0,2023-06-27,CUST788,Female,52.0,Beauty,3.0,300.0,900.0
789.0,2023-09-30,CUST789,Female,61.0,Clothing,4.0,500.0,2000.0
790.0,2023-08-08,CUST790,Male,62.0,Clothing,1.0,25.0,25.0
791.0,2023-12-05,CUST791,Female,51.0,Beauty,1.0,25.0,25.0
792.0,2023-07-09,CUST792,Female,20.0,Beauty,1.0,50.0,50.0
793.0,2023-02-05,CUST793,Male,54.0,Beauty,1.0,30.0,30.0
794.0,2023-09-17,CUST794,Female,60.0,Beauty,1.0,300.0,300.0
795.0,2023-11-28,CUST795,Male,57.0,Electronics,1.0,300.0,300.0
796.0,2023-06-24,CUST796,Male,43.0,Beauty,4.0,30.0,120.0
797.0,2023-01-07,CUST797,Male,40.0,Clothing,3.0,25.0,75.0
798.0,2023-08-04,CUST798,Male,61.0,Clothing,1.0,50.0,50.0
799.0,2023-09-08,CUST799,Male,56.0,Electronics,2.0,50.0,100.0
800.0,2023-02-24,CUST800,Male,32.0,Clothing,4.0,300.0,1200.0
801.0,2023-08-10,CUST801,Male,21.0,Clothing,4.0,50.0,200.0
802.0,2023-07-05,CUST802,Female,46.0,Beauty,1.0,30.0,30.0
803.0,2023-11-22,CUST803,Male,39.0,Clothing,4.0,25.0,100.0
804.0,2023-08-24,CUST804,Male,42.0,Electronics,1.0,30.0,30.0
805.0,2023-12-29,CUST805,Female,30.0,Beauty,3.0,500.0,1500.0
806.0,2023-03-20,CUST806,Female,35.0,Beauty,3.0,300.0,900.0
807.0,2023-08-11,CUST807,Female,50.0,Electronics,4.0,50.0,200.0
808.0,2023-04-01,CUST808,Male,33.0,Beauty,4.0,500.0,2000.0
809.0,2023-09-25,CUST809,Female,62.0,Beauty,2.0,50.0,100.0
810.0,2023-11-30,CUST810,Male,59.0,Electronics,4.0,25.0,100.0
811.0,2023-05-19,CUST811,Male,61.0,Beauty,2.0,25.0,50.0
812.0,2023-11-12,CUST812,Male,19.0,Electronics,3.0,25.0,75.0
813.0,2023-10-03,CUST813,Male,52.0,Electronics,3.0,50.0,150.0
814.0,2023-09-05,CUST814,Female,59.0,Clothing,1.0,500.0,500.0
815.0,2023-08-27,CUST815,Female,51.0,Clothing,3.0,25.0,75.0
816.0,2023-08-12,CUST816,Male,47.0,Beauty,2.0,500.0,1000.0
817.0,2023-10-31,CUST817,Male,30.0,Beauty,4.0,50.0,200.0
818.0,2023-05-18,CUST818,Male,30.0,Electronics,1.0,500.0,500.0
819.0,2023-06-15,CUST819,Female,35.0,Beauty,2.0,50.0,100.0
820.0,2023-05-06,CUST820,Male,49.0,Electronics,4.0,50.0,200.0
821.0,2023-02-14,CUST821,Male,49.0,Electronics,1.0,300.0,300.0
822.0,2023-05-23,CUST822,Female,52.0,Beauty,3.0,50.0,150.0
823.0,2023-08-19,CUST823,Female,56.0,Electronics,2.0,50.0,100.0
824.0,2023-05-05,CUST824,Male,63.0,Clothing,4.0,30.0,120.0
825.0,2023-08-26,CUST825,Female,46.0,Beauty,1.0,25.0,25.0
826.0,2023-10-19,CUST826,Female,46.0,Clothing,1.0,300.0,300.0
827.0,2023-11-09,CUST827,Male,61.0,Beauty,3.0,300.0,900.0
828.0,2023-12-09,CUST828,Female,33.0,Electronics,4.0,300.0,1200.0
829.0,2023-07-14,CUST829,Male,61.0,Beauty,3.0,30.0,90.0
830.0,2023-06-22,CUST830,Female,64.0,Clothing,3.0,50.0,150.0
831.0,2023-01-15,CUST831,Male,27.0,Electronics,4.0,25.0,100.0
832.0,2023-09-11,CUST832,Male,47.0,Beauty,4.0,500.0,2000.0
833.0,2023-06-16,CUST833,Male,42.0,Beauty,4.0,50.0,200.0
834.0,2023-04-04,CUST834,Female,56.0,Beauty,2.0,30.0,60.0
835.0,2023-09-07,CUST835,Male,37.0,Clothing,4.0,50.0,200.0
836.0,2023-04-19,CUST836,Female,22.0,Clothing,1.0,50.0,50.0
837.0,2023-07-01,CUST837,Male,18.0,Beauty,3.0,30.0,90.0
838.0,2023-05-13,CUST838,Male,47.0,Electronics,2.0,300.0,600.0
839.0,2023-06-24,CUST839,Female,20.0,Electronics,4.0,300.0,1200.0
840.0,2023-05-24,CUST840,Male,62.0,Clothing,2.0,25.0,50.0
841.0,2023-11-02,CUST841,Male,31.0,Electronics,4.0,25.0,100.0
842.0,2023-12-26,CUST842,Female,47.0,Clothing,2.0,300.0,600.0
843.0,2023-05-22,CUST843,Male,21.0,Beauty,3.0,500.0,1500.0
844.0,2023-10-12,CUST844,Male,35.0,Clothing,3.0,50.0,150.0
845.0,2023-01-06,CUST845,Male,54.0,Clothing,1.0,500.0,500.0
846.0,2023-09-22,CUST846,Male,42.0,Beauty,1.0,50.0,50.0
847.0,2023-04-08,CUST847,Female,18.0,Electronics,4.0,300.0,1200.0
848.0,2023-02-13,CUST848,Female,63.0,Clothing,3.0,25.0,75.0
849.0,2023-05-04,CUST849,Male,32.0,Clothing,2.0,25.0,50.0
850.0,2023-07-28,CUST850,Female,26.0,Beauty,2.0,500.0,1000.0
851.0,2023-09-08,CUST851,Male,32.0,Electronics,2.0,25.0,50.0
852.0,2023-10-12,CUST852,Female,41.0,Clothing,1.0,300.0,300.0
853.0,2023-05-04,CUST853,Male,21.0,Beauty,2.0,500.0,1000.0
854.0,2023-12-20,CUST854,Male,29.0,Clothing,1.0,50.0,50.0
855.0,2023-09-01,CUST855,Male,54.0,Beauty,1.0,25.0,25.0
856.0,2023-11-27,CUST856,Male,54.0,Electronics,4.0,30.0,120.0
857.0,2023-12-31,CUST857,Male,60.0,Electronics,2.0,25.0,50.0
858.0,2023-09-09,CUST858,Male,23.0,Electronics,2.0,50.0,100.0
859.0,2023-08-18,CUST859,Female,56.0,Electronics,3.0,500.0,1500.0
860.0,2023-01-09,CUST860,Male,63.0,Clothing,4.0,50.0,200.0
861.0,2023-02-17,CUST861,Female,41.0,Clothing,3.0,30.0,90.0
862.0,2023-05-31,CUST862,Male,28.0,Electronics,4.0,300.0,1200.0
863.0,2023-04-24,CUST863,Female,30.0,Electronics,2.0,25.0,50.0
864.0,2023-07-27,CUST864,Female,51.0,Electronics,1.0,500.0,500.0
865.0,2023-12-21,CUST865,Female,42.0,Clothing,1.0,300.0,300.0
866.0,2023-05-05,CUST866,Male,24.0,Electronics,1.0,50.0,50.0
867.0,2023-06-06,CUST867,Male,21.0,Electronics,1.0,500.0,500.0
868.0,2023-12-06,CUST868,Female,25.0,Electronics,1.0,300.0,300.0
869.0,2023-10-25,CUST869,Male,37.0,Beauty,3.0,500.0,1500.0
870.0,2023-07-08,CUST870,Female,46.0,Electronics,4.0,30.0,120.0
871.0,2023-08-31,CUST871,Male,62.0,Beauty,2.0,30.0,60.0
872.0,2023-10-11,CUST872,Female,63.0,Beauty,3.0,25.0,75.0
873.0,2023-09-29,CUST873,Female,27.0,Electronics,4.0,25.0,100.0
874.0,2023-06-26,CUST874,Male,60.0,Beauty,1.0,30.0,30.0
875.0,2023-08-06,CUST875,Female,51.0,Electronics,4.0,500.0,2000.0
876.0,2023-10-09,CUST876,Male,43.0,Clothing,4.0,30.0,120.0
877.0,2023-06-19,CUST877,Female,58.0,Clothing,1.0,25.0,25.0
878.0,2023-06-30,CUST878,Female,20.0,Clothing,1.0,30.0,30.0
879.0,2023-12-26,CUST879,Male,23.0,Clothing,1.0,30.0,30.0
880.0,2023-08-21,CUST880,Male,22.0,Beauty,2.0,500.0,1000.0
881.0,2023-05-19,CUST881,Male,22.0,Electronics,1.0,300.0,300.0
882.0,2023-06-06,CUST882,Female,64.0,Electronics,2.0,25.0,50.0
883.0,2023-05-09,CUST883,Male,40.0,Electronics,1.0,500.0,500.0
884.0,2023-04-29,CUST884,Female,26.0,Clothing,2.0,30.0,60.0
885.0,2023-03-03,CUST885,Female,52.0,Clothing,4.0,30.0,120.0
886.0,2023-04-09,CUST886,Male,37.0,Electronics,3.0,300.0,900.0
887.0,2023-06-11,CUST887,Male,59.0,Clothing,4.0,25.0,100.0
888.0,2023-03-03,CUST888,Female,52.0,Electronics,4.0,25.0,100.0
889.0,2023-10-02,CUST889,Female,35.0,Electronics,1.0,50.0,50.0
890.0,2023-12-20,CUST890,Male,34.0,Electronics,2.0,25.0,50.0
891.0,2023-04-05,CUST891,Male,41.0,Electronics,3.0,300.0,900.0
892.0,2023-04-09,CUST892,Male,20.0,Electronics,1.0,50.0,50.0
893.0,2023-04-21,CUST893,Male,49.0,Electronics,1.0,50.0,50.0
894.0,2023-09-05,CUST894,Male,52.0,Electronics,1.0,30.0,30.0
895.0,2023-05-22,CUST895,Female,55.0,Clothing,4.0,30.0,120.0
896.0,2023-10-29,CUST896,Female,30.0,Electronics,2.0,25.0,50.0
897.0,2023-09-26,CUST897,Female,64.0,Electronics,2.0,50.0,100.0
898.0,2023-11-02,CUST898,Female,42.0,Clothing,3.0,30.0,90.0
899.0,2023-05-25,CUST899,Male,26.0,Clothing,2.0,300.0,600.0
900.0,2023-02-21,CUST900,Male,21.0,Clothing,2.0,30.0,60.0
901.0,2023-04-10,CUST901,Male,31.0,Electronics,1.0,30.0,30.0
902.0,2023-06-01,CUST902,Female,54.0,Beauty,1.0,50.0,50.0
903.0,2023-04-27,CUST903,Female,51.0,Beauty,4.0,50.0,200.0
904.0,2023-07-04,CUST904,Male,28.0,Clothing,1.0,500.0,500.0
905.0,2023-04-02,CUST905,Male,58.0,Beauty,1.0,300.0,300.0
906.0,2023-06-04,CUST906,Female,20.0,Clothing,1.0,50.0,50.0
907.0,2023-01-08,CUST907,Female,45.0,Electronics,1.0,25.0,25.0
908.0,2023-12-29,CUST908,Male,46.0,Beauty,4.0,300.0,1200.0
909.0,2023-10-01,CUST909,Male,26.0,Electronics,1.0,300.0,300.0
910.0,2023-03-06,CUST910,Female,20.0,Beauty,3.0,50.0,150.0
911.0,2023-05-21,CUST911,Male,42.0,Electronics,3.0,300.0,900.0
912.0,2023-01-24,CUST912,Male,51.0,Beauty,3.0,50.0,150.0
913.0,2023-01-28,CUST913,Male,29.0,Electronics,3.0,30.0,90.0
914.0,2023-10-11,CUST914,Female,59.0,Electronics,1.0,500.0,500.0
915.0,2023-05-30,CUST915,Female,26.0,Beauty,3.0,30.0,90.0
916.0,2023-12-24,CUST916,Female,32.0,Electronics,1.0,50.0,50.0
917.0,2023-03-06,CUST917,Female,57.0,Electronics,4.0,50.0,200.0
918.0,2023-11-23,CUST918,Female,42.0,Electronics,3.0,30.0,90.0
919.0,2023-09-09,CUST919,Female,22.0,Beauty,2.0,25.0,50.0
920.0,2023-02-22,CUST920,Female,28.0,Beauty,3.0,25.0,75.0
921.0,2023-01-07,CUST921,Male,51.0,Electronics,3.0,25.0,75.0
922.0,2023-10-21,CUST922,Male,41.0,Electronics,1.0,50.0,50.0
923.0,2023-05-26,CUST923,Male,32.0,Beauty,3.0,300.0,900.0
924.0,2023-08-29,CUST924,Male,55.0,Beauty,2.0,50.0,100.0
925.0,2023-09-03,CUST925,Male,25.0,Electronics,1.0,300.0,300.0
926.0,2023-08-14,CUST926,Male,22.0,Electronics,1.0,30.0,30.0
927.0,2023-06-24,CUST927,Male,43.0,Electronics,4.0,500.0,2000.0
928.0,2023-04-05,CUST928,Female,35.0,Clothing,4.0,300.0,1200.0
929.0,2023-01-27,CUST929,Female,23.0,Beauty,3.0,25.0,75.0
930.0,2023-05-10,CUST930,Male,54.0,Clothing,4.0,50.0,200.0
931.0,2023-09-02,CUST931,Male,30.0,Beauty,4.0,30.0,120.0
932.0,2023-02-28,CUST932,Female,45.0,Beauty,4.0,25.0,100.0
933.0,2023-02-03,CUST933,Male,22.0,Beauty,1.0,30.0,30.0
934.0,2023-07-25,CUST934,Male,30.0,Beauty,1.0,500.0,500.0
935.0,2023-09-09,CUST935,Female,34.0,Beauty,1.0,50.0,50.0
936.0,2023-02-07,CUST936,Male,57.0,Beauty,4.0,50.0,200.0
937.0,2023-10-23,CUST937,Female,62.0,Beauty,1.0,500.0,500.0
938.0,2023-11-19,CUST938,Male,49.0,Clothing,4.0,50.0,200.0
939.0,2023-12-18,CUST939,Female,46.0,Electronics,1.0,300.0,300.0
940.0,2023-01-28,CUST940,Female,20.0,Electronics,1.0,30.0,30.0
941.0,2023-03-19,CUST941,Female,57.0,Clothing,2.0,25.0,50.0
942.0,2023-03-18,CUST942,Male,51.0,Clothing,3.0,500.0,1500.0
943.0,2023-10-16,CUST943,Female,57.0,Clothing,4.0,300.0,1200.0
944.0,2023-06-05,CUST944,Male,44.0,Clothing,2.0,25.0,50.0
945.0,2023-02-13,CUST945,Male,30.0,Beauty,1.0,25.0,25.0
946.0,2023-05-08,CUST946,Male,62.0,Electronics,4.0,500.0,2000.0
947.0,2023-03-02,CUST947,Male,50.0,Beauty,1.0,300.0,300.0
948.0,2023-10-13,CUST948,Female,23.0,Electronics,3.0,25.0,75.0
949.0,2023-08-02,CUST949,Female,41.0,Electronics,2.0,25.0,50.0
950.0,2023-11-07,CUST950,Male,36.0,Clothing,3.0,300.0,900.0
951.0,2023-11-02,CUST951,Male,33.0,Beauty,2.0,50.0,100.0
952.0,2023-11-13,CUST952,Female,57.0,Clothing,1.0,25.0,25.0
953.0,2023-04-26,CUST953,Male,45.0,Beauty,3.0,30.0,90.0
954.0,2023-09-25,CUST954,Female,50.0,Electronics,3.0,300.0,900.0
955.0,2023-07-14,CUST955,Male,58.0,Clothing,1.0,25.0,25.0
956.0,2023-08-19,CUST956,Male,30.0,Clothing,3.0,500.0,1500.0
957.0,2023-08-15,CUST957,Female,60.0,Electronics,4.0,30.0,120.0
958.0,2023-06-02,CUST958,Male,62.0,Electronics,2.0,25.0,50.0
959.0,2023-10-29,CUST959,Female,42.0,Electronics,2.0,30.0,60.0
960.0,2023-08-08,CUST960,Male,59.0,Clothing,2.0,30.0,60.0
961.0,2023-06-06,CUST961,Male,53.0,Beauty,4.0,50.0,200.0
962.0,2023-10-19,CUST962,Male,44.0,Clothing,2.0,30.0,60.0
963.0,2023-11-14,CUST963,Female,55.0,Beauty,1.0,50.0,50.0
964.0,2023-01-31,CUST964,Male,24.0,Clothing,3.0,300.0,900.0
965.0,2023-11-09,CUST965,Male,22.0,Clothing,4.0,50.0,200.0
966.0,2023-02-20,CUST966,Male,60.0,Electronics,2.0,500.0,1000.0
967.0,2023-04-17,CUST967,Male,62.0,Beauty,1.0,25.0,25.0
968.0,2023-11-17,CUST968,Female,48.0,Clothing,3.0,300.0,900.0
969.0,2023-04-19,CUST969,Female,40.0,Clothing,3.0,300.0,900.0
970.0,2023-05-16,CUST970,Male,59.0,Electronics,4.0,500.0,2000.0
971.0,2023-12-05,CUST971,Female,27.0,Electronics,4.0,50.0,200.0
972.0,2023-02-11,CUST972,Male,49.0,Beauty,4.0,25.0,100.0
973.0,2023-03-22,CUST973,Male,60.0,Clothing,1.0,50.0,50.0
974.0,2023-05-03,CUST974,Male,47.0,Beauty,1.0,30.0,30.0
975.0,2023-03-30,CUST975,Female,56.0,Clothing,4.0,50.0,200.0
976.0,2023-10-10,CUST976,Female,48.0,Beauty,2.0,300.0,600.0
977.0,2023-02-08,CUST977,Female,35.0,Electronics,3.0,25.0,75.0
978.0,2023-03-22,CUST978,Female,53.0,Clothing,3.0,50.0,150.0
979.0,2023-01-02,CUST979,Female,19.0,Beauty,1.0,25.0,25.0
980.0,2023-07-29,CUST980,Female,31.0,Electronics,3.0,25.0,75.0
981.0,2023-08-19,CUST981,Female,30.0,Electronics,2.0,30.0,60.0
982.0,2023-12-19,CUST982,Female,46.0,Beauty,3.0,30.0,90.0
983.0,2023-11-01,CUST983,Female,29.0,Clothing,1.0,300.0,300.0
984.0,2023-08-29,CUST984,Male,56.0,Clothing,1.0,500.0,500.0
985.0,2023-05-30,CUST985,Female,19.0,Electronics,2.0,25.0,50.0
986.0,2023-01-17,CUST986,Female,49.0,Clothing,2.0,500.0,1000.0
987.0,2023-04-29,CUST987,Female,30.0,Clothing,3.0,300.0,900.0
988.0,2023-05-28,CUST988,Female,63.0,Clothing,3.0,25.0,75.0
989.0,2023-12-28,CUST989,Female,44.0,Electronics,1.0,25.0,25.0
990.0,2023-05-25,CUST990,Female,58.0,Beauty,2.0,500.0,1000.0
991.0,2023-12-26,CUST991,Female,34.0,Clothing,2.0,50.0,100.0
992.0,2023-08-21,CUST992,Female,57.0,Electronics,2.0,30.0,60.0
993.0,2023-02-06,CUST993,Female,48.0,Electronics,3.0,50.0,150.0
994.0,2023-12-18,CUST994,Female,51.0,Beauty,2.0,500.0,1000.0
995.0,2023-04-30,CUST995,Female,41.0,Clothing,1.0,30.0,30.0
996.0,2023-05-16,CUST996,Male,62.0,Clothing,1.0,50.0,50.0
997.0,2023-11-17,CUST997,Male,52.0,Beauty,3.0,30.0,90.0
998.0,2023-10-29,CUST998,Female,23.0,Beauty,4.0,25.0,100.0
999.0,2023-12-05,CUST999,Female,36.0,Electronics,3.0,50.0,150.0
1000.0,2023-04-12,CUST1000,Male,47.0,Electronics,4.0,30.0,120.0
